userGender,tagIds,terittoryId,placeId,score
m,"[7, 35, 30]",2,22,0
f,"[29, 20, 36]",0,154,0
f,"[2, 45, 0]",0,98,1
m,"[27, 22, 4]",3,74,1
f,"[4, 43, 37]",3,106,1
m,"[14, 22, 16]",1,82,1
f,"[39, 24, 35]",2,21,0
m,"[44, 40, 43]",3,87,0
f,"[29, 41, 11]",3,61,1
m,"[34, 11, 20]",2,117,1
f,"[11, 39, 13]",3,88,0
f,"[16, 10, 45]",1,247,0
m,"[7, 22, 16]",2,195,0
m,"[13, 10, 14]",2,234,0
f,"[23, 35, 6]",3,2,0
m,"[18, 39, 21]",2,79,1
f,"[7, 14, 27]",3,44,1
f,"[0, 38, 25]",1,244,0
m,"[3, 31, 15]",2,192,0
m,"[3, 21, 25]",2,50,0
m,"[34, 17, 23]",3,48,1
m,"[13, 14, 45]",2,97,1
f,"[27, 14, 7]",3,48,1
m,"[42, 10, 32]",3,295,1
m,"[14, 38, 31]",0,85,1
m,"[42, 43, 39]",2,49,1
m,"[9, 30, 17]",1,88,1
m,"[25, 5, 46]",3,40,0
f,"[17, 39, 34]",2,74,0
m,"[8, 13, 6]",2,211,0
f,"[5, 45, 3]",1,47,0
f,"[5, 42, 47]",0,265,1
f,"[20, 40, 13]",2,157,0
m,"[41, 2, 39]",0,28,1
m,"[6, 32, 21]",1,200,1
m,"[19, 27, 20]",2,154,1
m,"[0, 2, 27]",2,112,1
m,"[15, 36, 31]",3,250,1
m,"[5, 33, 9]",2,22,0
f,"[8, 43, 17]",3,230,1
m,"[42, 8, 0]",3,107,0
m,"[1, 8, 28]",2,60,1
m,"[5, 44, 7]",3,207,1
m,"[28, 37, 44]",3,163,1
f,"[41, 12, 44]",0,107,1
m,"[11, 15, 18]",2,35,0
m,"[34, 17, 23]",0,243,0
m,"[7, 28, 16]",2,182,0
m,"[32, 37, 26]",0,65,1
m,"[41, 6, 31]",1,254,0
f,"[12, 39, 20]",1,258,0
m,"[41, 40, 34]",2,237,1
m,"[15, 41, 38]",3,102,0
m,"[43, 1, 6]",0,99,1
m,"[47, 33, 10]",3,64,0
f,"[16, 5, 15]",0,53,0
f,"[13, 20, 8]",1,164,1
f,"[10, 13, 7]",2,190,0
m,"[5, 21, 47]",3,11,0
f,"[45, 27, 39]",2,63,0
m,"[10, 15, 35]",2,10,0
m,"[3, 10, 8]",1,204,0
f,"[39, 24, 18]",1,64,1
f,"[10, 18, 3]",2,63,0
f,"[25, 43, 32]",0,18,0
f,"[36, 30, 12]",3,283,0
f,"[38, 43, 16]",0,218,1
m,"[8, 37, 1]",2,210,1
f,"[35, 38, 19]",3,41,0
f,"[25, 16, 21]",0,182,0
m,"[9, 30, 10]",1,114,0
m,"[32, 46, 25]",0,285,0
f,"[16, 2, 25]",1,85,0
f,"[32, 2, 22]",0,216,1
f,"[32, 4, 27]",1,259,1
f,"[37, 21, 38]",1,287,0
f,"[18, 24, 22]",1,115,0
m,"[43, 9, 47]",1,15,0
f,"[44, 27, 0]",2,244,1
f,"[7, 0, 46]",2,65,0
m,"[38, 29, 10]",1,59,1
f,"[13, 16, 27]",2,38,0
m,"[46, 30, 38]",0,39,1
f,"[27, 6, 33]",1,200,0
m,"[35, 30, 23]",0,159,1
f,"[10, 36, 19]",1,17,0
m,"[39, 37, 47]",1,227,0
m,"[7, 46, 28]",1,155,1
m,"[27, 23, 43]",1,221,1
f,"[16, 23, 26]",3,176,1
m,"[36, 39, 35]",0,44,0
f,"[29, 5, 27]",0,78,1
f,"[39, 20, 43]",2,10,0
f,"[38, 25, 47]",3,254,0
f,"[0, 26, 28]",1,209,0
m,"[7, 9, 27]",3,150,0
m,"[15, 36, 10]",2,32,1
m,"[5, 24, 16]",0,50,1
m,"[26, 15, 44]",1,202,1
f,"[38, 20, 9]",1,240,0
m,"[9, 47, 43]",0,252,1
m,"[5, 22, 44]",3,220,1
m,"[43, 32, 26]",3,195,0
f,"[24, 28, 15]",2,109,1
m,"[2, 23, 27]",1,219,0
f,"[11, 30, 23]",2,4,0
m,"[47, 31, 3]",3,150,1
f,"[12, 42, 1]",1,151,0
f,"[36, 20, 21]",3,97,0
f,"[46, 8, 22]",2,228,0
f,"[27, 15, 34]",2,33,1
f,"[24, 2, 9]",0,98,0
f,"[5, 7, 9]",1,289,0
m,"[3, 28, 43]",2,247,1
m,"[33, 19, 5]",2,298,0
f,"[9, 37, 21]",0,55,0
m,"[28, 19, 29]",3,202,0
f,"[15, 45, 29]",0,206,1
m,"[14, 30, 9]",2,280,0
m,"[18, 40, 7]",1,265,1
m,"[20, 1, 0]",1,196,1
m,"[42, 15, 3]",0,172,0
m,"[30, 39, 20]",2,109,1
f,"[36, 45, 23]",1,31,1
f,"[44, 5, 22]",1,47,0
m,"[5, 31, 13]",2,176,0
f,"[25, 2, 40]",2,168,1
f,"[13, 22, 3]",1,151,1
m,"[39, 27, 0]",2,94,0
f,"[8, 31, 36]",0,111,0
m,"[4, 25, 10]",3,259,0
m,"[25, 37, 32]",3,64,1
f,"[26, 24, 6]",1,57,1
f,"[24, 45, 12]",0,252,1
m,"[39, 18, 26]",3,52,1
m,"[45, 7, 20]",3,168,1
m,"[4, 34, 37]",0,137,1
f,"[19, 12, 5]",1,218,1
f,"[21, 22, 40]",1,177,1
m,"[47, 44, 9]",1,91,1
m,"[32, 47, 39]",1,77,1
m,"[15, 20, 22]",2,54,0
f,"[14, 47, 4]",3,294,0
m,"[35, 25, 29]",0,166,0
f,"[0, 41, 22]",0,95,0
m,"[5, 37, 41]",0,93,0
f,"[32, 10, 9]",2,58,0
m,"[43, 32, 6]",2,47,0
m,"[21, 35, 44]",1,124,0
m,"[12, 36, 19]",3,22,0
m,"[38, 11, 15]",0,124,0
f,"[38, 30, 39]",1,86,0
m,"[27, 47, 46]",0,254,1
f,"[29, 39, 45]",1,62,0
f,"[6, 14, 22]",1,123,1
m,"[16, 25, 13]",1,141,1
m,"[20, 21, 17]",2,58,1
m,"[4, 33, 19]",2,21,1
m,"[8, 22, 42]",1,191,1
m,"[5, 1, 4]",0,199,1
m,"[1, 25, 15]",0,293,1
m,"[4, 10, 12]",1,113,1
f,"[18, 25, 30]",2,209,1
f,"[43, 17, 33]",0,232,0
f,"[47, 5, 10]",3,80,0
f,"[32, 8, 27]",2,199,0
m,"[29, 1, 27]",0,144,0
f,"[9, 21, 40]",3,17,1
f,"[4, 27, 10]",2,146,1
f,"[12, 14, 43]",2,262,0
m,"[9, 19, 39]",3,67,1
m,"[11, 20, 45]",1,31,1
f,"[11, 35, 7]",2,246,1
f,"[29, 13, 33]",1,217,0
m,"[14, 47, 30]",1,96,0
f,"[38, 17, 45]",1,113,1
m,"[2, 6, 34]",2,223,1
m,"[44, 2, 17]",1,142,1
m,"[42, 10, 45]",2,165,1
m,"[30, 23, 45]",1,182,0
f,"[32, 20, 4]",1,134,0
f,"[14, 6, 35]",2,45,1
f,"[5, 41, 3]",2,67,1
f,"[45, 39, 10]",0,78,1
m,"[31, 18, 8]",0,294,0
f,"[42, 39, 15]",2,168,1
f,"[27, 5, 38]",0,194,1
m,"[6, 21, 26]",2,22,0
m,"[22, 44, 41]",3,141,1
m,"[27, 35, 31]",2,232,1
m,"[28, 5, 34]",3,81,0
m,"[31, 47, 15]",0,59,1
m,"[38, 19, 30]",0,231,1
f,"[18, 7, 8]",0,7,1
f,"[27, 16, 7]",1,238,0
m,"[43, 16, 13]",0,85,0
f,"[18, 43, 16]",3,78,1
m,"[33, 24, 26]",0,296,1
f,"[28, 14, 30]",3,172,0
m,"[11, 0, 23]",0,169,0
f,"[4, 28, 19]",0,103,1
f,"[14, 9, 28]",1,25,0
f,"[15, 33, 25]",1,144,1
m,"[12, 47, 31]",1,136,0
m,"[43, 28, 30]",1,132,0
m,"[33, 4, 27]",2,119,0
f,"[5, 6, 23]",0,215,0
m,"[18, 23, 31]",3,29,0
m,"[22, 0, 27]",0,82,1
f,"[16, 22, 31]",3,30,0
m,"[23, 12, 24]",1,156,1
m,"[3, 25, 34]",3,186,1
f,"[43, 33, 5]",0,108,1
m,"[15, 20, 7]",0,260,1
m,"[15, 22, 36]",0,121,1
f,"[4, 29, 6]",3,36,0
f,"[21, 23, 32]",1,71,0
m,"[12, 20, 25]",3,245,0
f,"[24, 36, 40]",1,199,0
m,"[17, 10, 15]",3,109,0
f,"[19, 27, 22]",0,117,1
f,"[8, 36, 19]",1,3,0
m,"[27, 19, 2]",1,68,0
f,"[47, 6, 44]",3,87,0
f,"[45, 26, 14]",1,116,1
f,"[12, 30, 4]",2,164,1
f,"[47, 5, 46]",2,43,0
m,"[33, 27, 30]",2,52,1
f,"[29, 23, 9]",1,215,1
f,"[15, 32, 25]",2,24,1
m,"[20, 45, 37]",0,49,0
f,"[46, 24, 31]",3,55,1
f,"[28, 34, 23]",3,164,0
m,"[35, 28, 41]",0,117,0
f,"[40, 29, 28]",0,246,1
f,"[41, 38, 43]",1,73,1
f,"[35, 3, 5]",1,232,1
m,"[4, 11, 15]",2,87,1
m,"[40, 22, 27]",3,284,0
f,"[19, 10, 17]",0,229,1
f,"[35, 23, 44]",2,248,0
f,"[22, 10, 28]",1,275,0
f,"[41, 4, 20]",1,151,0
f,"[22, 43, 17]",2,186,0
m,"[1, 20, 2]",1,108,1
f,"[9, 2, 23]",1,107,0
f,"[20, 30, 15]",2,242,0
f,"[12, 5, 1]",1,18,0
m,"[7, 29, 35]",1,127,1
f,"[16, 47, 23]",0,50,1
m,"[26, 45, 4]",1,204,1
f,"[2, 30, 9]",1,177,0
m,"[21, 22, 23]",3,74,0
m,"[30, 28, 21]",0,174,1
f,"[37, 11, 39]",3,196,0
f,"[32, 17, 28]",3,192,1
f,"[28, 22, 10]",2,51,0
m,"[38, 43, 19]",3,7,1
f,"[43, 37, 6]",3,150,1
m,"[1, 21, 31]",0,56,1
f,"[28, 9, 7]",0,38,1
m,"[42, 8, 6]",2,13,0
m,"[1, 42, 36]",0,114,1
f,"[2, 32, 16]",1,206,0
f,"[4, 27, 23]",2,115,1
m,"[19, 30, 22]",0,145,1
f,"[40, 14, 24]",0,87,0
f,"[14, 31, 5]",3,182,1
f,"[46, 35, 34]",3,99,1
m,"[46, 34, 0]",1,184,1
m,"[22, 39, 45]",2,50,1
m,"[27, 31, 6]",3,193,0
m,"[41, 26, 21]",1,179,0
m,"[7, 6, 15]",2,121,0
f,"[41, 19, 30]",3,208,1
f,"[7, 29, 36]",0,39,0
m,"[27, 40, 28]",0,20,0
f,"[2, 34, 24]",2,135,1
f,"[11, 38, 24]",0,203,1
m,"[17, 1, 27]",1,248,1
m,"[24, 0, 5]",0,184,0
m,"[32, 3, 40]",0,96,0
f,"[1, 22, 27]",1,40,1
m,"[29, 45, 43]",2,106,0
m,"[37, 23, 43]",3,262,0
m,"[32, 18, 47]",0,238,1
f,"[41, 15, 42]",0,291,1
m,"[14, 42, 0]",1,142,1
m,"[42, 44, 43]",3,104,0
m,"[38, 21, 3]",0,258,1
m,"[28, 18, 0]",1,102,0
m,"[11, 10, 24]",1,183,1
f,"[43, 15, 18]",1,10,1
f,"[42, 17, 8]",2,152,0
f,"[35, 33, 7]",3,298,1
m,"[10, 12, 35]",0,3,0
f,"[16, 24, 8]",0,164,0
f,"[4, 13, 26]",3,56,1
m,"[34, 10, 5]",2,224,0
f,"[0, 25, 35]",1,260,0
f,"[37, 35, 30]",0,76,0
f,"[45, 17, 41]",1,180,0
m,"[21, 29, 8]",3,176,1
m,"[40, 19, 47]",1,212,1
m,"[8, 2, 0]",1,225,1
f,"[10, 28, 35]",3,210,0
m,"[2, 30, 16]",0,43,0
m,"[3, 36, 14]",3,47,1
m,"[45, 44, 19]",0,151,0
f,"[4, 17, 7]",0,94,0
m,"[4, 9, 31]",0,92,0
m,"[40, 21, 3]",3,79,1
m,"[33, 34, 5]",1,229,0
f,"[19, 11, 43]",2,68,0
m,"[26, 25, 6]",1,152,0
m,"[0, 4, 22]",0,31,1
f,"[17, 41, 24]",1,70,0
m,"[19, 46, 10]",2,250,0
m,"[33, 35, 23]",1,4,1
f,"[37, 3, 15]",0,124,0
f,"[15, 45, 9]",2,168,0
f,"[45, 23, 6]",3,108,0
f,"[18, 20, 29]",1,140,1
f,"[47, 20, 8]",3,81,1
m,"[33, 7, 28]",0,271,1
m,"[23, 15, 0]",3,266,1
m,"[23, 9, 42]",0,36,0
f,"[37, 45, 24]",2,64,1
f,"[7, 9, 44]",0,225,1
m,"[24, 18, 23]",1,281,1
f,"[46, 30, 40]",2,140,0
m,"[5, 47, 41]",0,295,1
m,"[18, 2, 21]",3,96,1
m,"[15, 22, 19]",2,166,0
f,"[5, 42, 0]",3,297,0
m,"[21, 2, 44]",1,48,0
m,"[39, 46, 11]",3,126,0
f,"[30, 14, 0]",1,188,0
m,"[47, 38, 11]",1,112,1
f,"[42, 25, 26]",0,58,1
m,"[2, 34, 14]",3,168,1
f,"[31, 34, 43]",3,193,0
f,"[20, 27, 23]",1,255,1
f,"[11, 43, 15]",3,162,1
m,"[0, 17, 41]",1,141,0
f,"[43, 45, 2]",3,251,0
f,"[6, 32, 29]",2,53,1
f,"[27, 3, 12]",0,253,0
f,"[47, 23, 0]",1,123,1
m,"[9, 17, 41]",0,284,0
m,"[39, 9, 40]",2,109,0
m,"[19, 3, 11]",1,268,0
f,"[24, 17, 40]",3,267,1
m,"[41, 36, 15]",2,282,0
f,"[28, 46, 8]",1,104,1
f,"[5, 23, 29]",0,219,0
f,"[19, 11, 22]",2,50,0
m,"[9, 35, 38]",1,181,1
m,"[5, 29, 12]",1,203,1
m,"[32, 40, 23]",1,59,1
f,"[18, 12, 41]",2,247,1
f,"[3, 2, 8]",2,123,1
m,"[47, 40, 5]",3,7,1
f,"[31, 40, 0]",3,147,0
m,"[25, 44, 19]",3,273,0
m,"[26, 23, 29]",3,154,0
m,"[22, 47, 46]",3,194,0
f,"[27, 5, 11]",0,238,1
m,"[18, 19, 17]",1,24,1
m,"[43, 37, 6]",3,189,1
f,"[2, 37, 35]",2,220,1
f,"[39, 43, 25]",3,96,0
f,"[20, 23, 36]",1,197,0
f,"[9, 38, 42]",2,197,0
f,"[42, 14, 46]",2,60,0
f,"[43, 29, 1]",3,216,1
f,"[0, 32, 12]",3,171,1
f,"[34, 46, 47]",1,184,0
m,"[23, 41, 1]",2,101,0
f,"[29, 38, 13]",1,97,1
m,"[15, 28, 20]",1,16,1
f,"[38, 13, 22]",3,106,1
f,"[44, 34, 35]",2,141,1
f,"[16, 17, 6]",3,155,1
m,"[25, 32, 38]",2,153,0
f,"[30, 22, 2]",2,99,1
f,"[12, 17, 34]",1,28,1
f,"[42, 4, 45]",1,59,0
m,"[32, 26, 36]",2,195,1
f,"[20, 3, 11]",0,89,1
m,"[39, 6, 20]",1,184,1
m,"[4, 37, 0]",0,268,0
m,"[25, 12, 40]",3,252,1
m,"[0, 3, 22]",0,203,0
f,"[36, 17, 24]",3,32,1
f,"[5, 17, 0]",2,9,0
f,"[36, 6, 16]",2,192,1
f,"[0, 44, 26]",1,202,1
f,"[19, 12, 7]",0,281,0
f,"[16, 23, 21]",1,23,0
m,"[34, 13, 45]",3,8,1
m,"[11, 39, 46]",0,205,1
m,"[46, 5, 2]",2,205,0
f,"[21, 38, 9]",2,21,1
m,"[25, 5, 11]",3,98,0
m,"[4, 39, 17]",0,26,1
f,"[32, 13, 41]",0,295,1
f,"[44, 36, 9]",0,46,0
m,"[35, 19, 32]",1,42,1
f,"[42, 16, 18]",0,156,0
m,"[20, 19, 25]",2,128,0
m,"[32, 14, 39]",0,75,1
m,"[8, 3, 21]",2,18,0
f,"[35, 5, 9]",0,20,0
m,"[5, 9, 4]",0,241,0
f,"[34, 32, 43]",0,103,0
f,"[23, 27, 44]",3,256,0
f,"[47, 22, 45]",0,275,1
m,"[47, 7, 34]",0,141,0
m,"[20, 2, 31]",3,137,0
m,"[31, 34, 43]",2,115,0
m,"[21, 43, 4]",2,232,1
f,"[8, 24, 38]",1,17,0
f,"[15, 45, 37]",0,233,0
f,"[30, 24, 34]",2,114,0
f,"[17, 26, 11]",2,187,1
m,"[1, 15, 28]",2,148,0
m,"[21, 13, 19]",1,94,1
m,"[42, 30, 27]",0,197,1
f,"[28, 46, 22]",3,217,0
m,"[38, 44, 28]",3,123,1
m,"[13, 43, 18]",3,111,0
m,"[9, 18, 44]",0,162,1
f,"[37, 13, 28]",0,187,0
m,"[46, 8, 28]",2,119,1
f,"[16, 19, 27]",2,243,0
f,"[32, 6, 34]",1,224,1
m,"[22, 16, 31]",3,249,1
f,"[4, 36, 20]",0,46,1
f,"[46, 41, 9]",0,143,1
m,"[16, 7, 12]",0,94,0
m,"[18, 11, 7]",2,43,0
f,"[33, 26, 35]",0,278,0
m,"[16, 4, 10]",0,12,1
m,"[24, 32, 16]",3,193,1
m,"[40, 21, 42]",3,229,1
f,"[26, 7, 17]",0,240,0
f,"[4, 33, 2]",2,271,0
f,"[5, 36, 20]",2,94,0
m,"[8, 3, 18]",3,82,0
m,"[43, 35, 30]",0,75,1
f,"[35, 10, 22]",3,210,1
f,"[7, 42, 30]",3,281,1
f,"[42, 35, 30]",1,256,1
m,"[10, 4, 27]",0,261,0
f,"[34, 23, 22]",0,51,0
m,"[40, 23, 25]",2,295,1
f,"[5, 2, 14]",0,63,0
m,"[22, 42, 14]",0,26,0
f,"[38, 39, 47]",0,48,0
f,"[19, 9, 26]",3,149,1
f,"[10, 40, 22]",0,1,1
f,"[12, 10, 3]",1,180,0
f,"[8, 33, 4]",1,36,0
m,"[32, 34, 41]",1,156,0
m,"[12, 40, 24]",1,127,1
m,"[29, 19, 27]",3,141,0
m,"[20, 44, 1]",2,22,0
f,"[4, 17, 32]",3,45,0
f,"[12, 1, 18]",1,227,1
f,"[41, 22, 20]",2,23,1
m,"[34, 40, 14]",3,212,1
m,"[47, 44, 24]",1,256,1
m,"[5, 10, 27]",3,178,1
f,"[3, 41, 31]",0,282,1
f,"[9, 30, 43]",0,252,1
m,"[31, 29, 28]",2,107,1
f,"[25, 40, 10]",3,182,1
m,"[14, 37, 47]",0,94,1
m,"[45, 16, 35]",3,270,1
m,"[35, 44, 36]",1,210,1
f,"[15, 46, 35]",3,174,0
f,"[33, 45, 2]",3,227,0
m,"[16, 22, 28]",1,34,1
f,"[25, 29, 17]",3,140,1
m,"[22, 7, 13]",0,276,1
m,"[30, 20, 35]",0,218,0
m,"[5, 31, 27]",2,230,1
f,"[43, 40, 21]",2,147,1
m,"[46, 13, 34]",2,114,1
m,"[37, 46, 36]",1,188,0
f,"[17, 24, 7]",1,257,0
f,"[3, 28, 31]",1,60,1
f,"[41, 39, 14]",1,57,0
m,"[44, 13, 37]",0,156,0
m,"[21, 27, 13]",3,32,1
f,"[30, 36, 32]",3,114,1
f,"[14, 40, 32]",3,72,1
f,"[4, 22, 33]",0,37,1
f,"[38, 30, 15]",2,48,0
m,"[0, 31, 20]",2,4,1
m,"[16, 1, 5]",2,203,0
f,"[32, 7, 11]",1,158,0
m,"[19, 47, 43]",1,288,0
f,"[15, 31, 2]",2,141,0
m,"[5, 18, 46]",2,138,1
m,"[13, 22, 6]",2,46,0
f,"[38, 32, 25]",3,186,1
m,"[34, 30, 29]",2,69,1
m,"[6, 43, 5]",2,125,1
m,"[3, 30, 24]",0,168,1
f,"[19, 9, 42]",1,117,1
f,"[32, 24, 0]",3,112,0
f,"[0, 37, 46]",2,292,0
f,"[29, 4, 12]",1,61,1
m,"[15, 37, 27]",0,174,0
f,"[3, 17, 14]",3,51,0
m,"[35, 44, 6]",0,262,1
m,"[9, 39, 33]",0,138,1
m,"[32, 27, 16]",0,150,1
f,"[29, 13, 47]",1,244,1
m,"[38, 5, 40]",1,14,1
f,"[10, 22, 2]",3,13,1
f,"[46, 7, 17]",3,171,0
m,"[44, 23, 15]",1,200,0
f,"[36, 4, 9]",1,60,0
m,"[41, 37, 32]",0,264,1
f,"[32, 36, 39]",1,12,1
m,"[30, 29, 33]",1,244,1
m,"[9, 16, 30]",2,51,0
f,"[46, 37, 10]",3,112,0
m,"[16, 23, 9]",1,265,1
m,"[27, 3, 0]",1,17,1
f,"[38, 39, 16]",3,2,0
f,"[2, 18, 0]",0,262,1
m,"[33, 29, 11]",3,136,1
m,"[29, 26, 45]",3,83,1
m,"[1, 22, 7]",1,157,1
f,"[42, 35, 47]",1,197,1
m,"[33, 9, 38]",3,208,1
m,"[1, 20, 36]",2,124,0
m,"[46, 7, 42]",3,290,1
f,"[16, 36, 43]",3,14,1
m,"[29, 35, 26]",1,111,1
f,"[34, 33, 4]",1,38,0
m,"[13, 35, 18]",2,246,0
f,"[18, 38, 29]",2,286,0
m,"[4, 32, 12]",3,158,1
m,"[2, 11, 33]",2,64,0
f,"[29, 36, 41]",3,32,1
f,"[26, 18, 38]",0,177,1
f,"[17, 7, 4]",2,39,0
m,"[40, 38, 2]",0,41,1
f,"[19, 2, 3]",0,134,1
f,"[46, 42, 24]",3,228,1
f,"[21, 31, 1]",2,250,1
m,"[19, 25, 2]",1,140,1
f,"[2, 35, 29]",0,239,1
m,"[1, 38, 9]",1,285,0
f,"[39, 35, 41]",1,168,1
m,"[22, 17, 35]",1,224,0
f,"[19, 1, 23]",1,110,0
f,"[45, 25, 12]",1,278,0
m,"[0, 22, 25]",1,264,0
f,"[35, 33, 38]",2,55,0
m,"[32, 22, 40]",0,281,1
f,"[9, 13, 41]",3,11,0
f,"[25, 13, 31]",3,166,0
m,"[22, 43, 31]",2,45,0
m,"[38, 47, 26]",2,284,0
f,"[15, 39, 7]",1,198,0
m,"[3, 31, 23]",3,143,1
f,"[33, 20, 34]",0,150,1
f,"[24, 30, 16]",2,127,1
f,"[42, 47, 33]",0,59,0
f,"[22, 5, 29]",1,218,0
f,"[17, 14, 21]",2,235,1
f,"[36, 28, 27]",3,111,1
m,"[23, 36, 0]",0,171,1
f,"[15, 31, 36]",2,280,0
m,"[28, 42, 5]",1,219,1
f,"[42, 43, 45]",3,165,0
f,"[25, 22, 36]",1,231,0
m,"[7, 11, 29]",0,19,1
m,"[18, 8, 38]",3,299,0
f,"[38, 6, 42]",0,275,1
m,"[23, 21, 20]",1,223,0
f,"[47, 32, 41]",2,227,1
m,"[39, 33, 30]",2,167,1
m,"[32, 24, 2]",0,0,0
m,"[40, 32, 20]",3,22,0
f,"[23, 9, 46]",3,263,0
m,"[28, 12, 35]",0,220,0
m,"[41, 9, 6]",2,186,0
f,"[13, 23, 0]",2,151,0
m,"[46, 16, 17]",3,40,0
m,"[14, 12, 30]",3,282,1
f,"[38, 26, 41]",1,109,0
f,"[22, 38, 40]",2,23,0
f,"[44, 28, 30]",1,123,1
f,"[23, 15, 4]",1,293,1
f,"[29, 24, 8]",1,167,0
m,"[18, 0, 39]",2,278,0
f,"[16, 2, 10]",3,153,0
m,"[4, 32, 26]",3,112,1
m,"[44, 24, 32]",2,137,1
f,"[29, 38, 4]",1,241,1
f,"[31, 8, 0]",2,279,0
f,"[30, 4, 45]",0,90,1
m,"[32, 14, 38]",0,264,0
f,"[22, 31, 18]",0,200,1
f,"[28, 1, 17]",2,88,0
m,"[0, 4, 35]",0,195,0
m,"[27, 42, 25]",1,240,0
f,"[39, 9, 46]",2,220,0
f,"[3, 33, 34]",2,215,0
m,"[32, 1, 16]",3,227,0
f,"[4, 34, 13]",2,179,1
f,"[10, 33, 13]",3,29,0
f,"[22, 7, 15]",0,248,1
f,"[7, 41, 2]",2,265,0
f,"[23, 41, 27]",0,191,1
m,"[11, 47, 19]",0,290,0
m,"[44, 28, 27]",3,171,0
f,"[7, 29, 39]",3,129,1
f,"[6, 10, 12]",1,52,1
m,"[22, 21, 47]",2,164,1
f,"[9, 16, 20]",2,259,1
m,"[42, 44, 7]",0,242,0
f,"[1, 47, 30]",2,43,1
m,"[44, 16, 18]",0,291,0
f,"[1, 15, 24]",1,115,0
m,"[22, 45, 29]",3,57,0
f,"[32, 28, 25]",3,61,1
m,"[1, 25, 32]",0,179,0
f,"[19, 7, 23]",1,147,1
f,"[12, 10, 18]",1,242,0
f,"[40, 9, 17]",2,15,1
f,"[2, 4, 43]",3,223,0
f,"[7, 18, 0]",2,126,0
m,"[24, 15, 22]",0,190,1
m,"[24, 43, 17]",2,90,0
f,"[36, 24, 13]",1,286,1
f,"[27, 28, 22]",0,129,0
f,"[37, 5, 2]",0,106,1
m,"[19, 2, 26]",1,214,0
m,"[28, 36, 34]",2,10,1
f,"[43, 28, 44]",2,89,0
f,"[32, 25, 31]",0,232,1
f,"[3, 40, 42]",3,155,0
f,"[20, 14, 0]",1,236,1
m,"[40, 42, 0]",0,298,0
f,"[15, 36, 3]",2,187,0
f,"[43, 4, 42]",3,1,1
f,"[17, 24, 39]",0,241,1
f,"[34, 19, 38]",0,298,1
m,"[5, 36, 19]",2,82,1
m,"[46, 9, 24]",0,214,1
f,"[32, 35, 10]",2,54,1
m,"[1, 13, 33]",1,257,1
f,"[4, 0, 25]",3,282,0
m,"[7, 47, 37]",2,289,1
f,"[33, 21, 47]",0,76,1
m,"[23, 16, 22]",2,131,1
m,"[2, 25, 41]",0,217,0
f,"[36, 17, 13]",2,286,0
f,"[1, 4, 2]",3,84,1
m,"[37, 16, 7]",1,10,1
f,"[0, 46, 7]",3,274,0
m,"[14, 26, 46]",0,213,0
f,"[2, 32, 33]",1,190,0
m,"[5, 20, 30]",2,280,0
f,"[6, 35, 22]",1,122,0
m,"[33, 38, 13]",1,269,1
m,"[10, 0, 25]",2,21,1
m,"[9, 3, 36]",1,293,1
m,"[16, 23, 8]",3,102,1
f,"[24, 32, 13]",2,16,0
f,"[22, 37, 0]",2,144,0
m,"[47, 31, 6]",3,199,0
f,"[15, 16, 19]",1,130,1
f,"[4, 38, 7]",1,141,1
m,"[24, 9, 21]",1,137,0
f,"[35, 14, 31]",1,83,1
m,"[22, 15, 2]",1,260,0
f,"[7, 38, 21]",0,57,1
f,"[11, 19, 31]",1,178,1
m,"[29, 37, 44]",1,173,0
f,"[24, 10, 31]",0,46,1
m,"[39, 4, 14]",3,181,0
m,"[43, 31, 21]",2,278,1
f,"[2, 11, 3]",0,33,1
f,"[41, 34, 40]",3,19,0
f,"[22, 9, 44]",1,294,0
m,"[35, 19, 20]",2,246,1
m,"[44, 9, 36]",0,87,1
f,"[2, 36, 42]",2,261,0
m,"[5, 23, 20]",1,0,0
m,"[23, 45, 17]",1,166,0
f,"[45, 46, 47]",1,288,1
f,"[47, 18, 38]",2,259,1
m,"[29, 4, 36]",2,143,1
m,"[29, 4, 37]",0,19,1
m,"[38, 34, 20]",3,297,1
m,"[5, 0, 28]",2,16,1
f,"[23, 41, 34]",2,240,0
m,"[27, 37, 19]",0,65,1
m,"[31, 45, 28]",2,248,1
m,"[22, 42, 45]",3,205,1
m,"[2, 42, 33]",0,77,0
m,"[19, 30, 45]",1,130,1
m,"[39, 36, 1]",3,273,1
f,"[17, 30, 46]",1,117,0
m,"[26, 43, 36]",2,288,0
f,"[22, 14, 34]",3,129,0
m,"[18, 1, 23]",2,219,1
f,"[43, 36, 34]",0,87,1
m,"[5, 32, 18]",1,74,0
m,"[30, 34, 9]",2,288,0
m,"[11, 33, 29]",2,110,0
m,"[32, 44, 0]",0,289,1
f,"[46, 32, 9]",0,87,1
f,"[41, 37, 24]",2,291,0
f,"[36, 15, 17]",0,153,0
m,"[13, 27, 23]",1,149,0
f,"[12, 8, 32]",1,193,1
m,"[41, 30, 39]",2,114,1
m,"[16, 32, 0]",3,102,1
m,"[11, 16, 19]",1,270,1
f,"[26, 36, 45]",3,63,1
m,"[17, 3, 36]",2,186,1
f,"[35, 21, 20]",1,282,1
m,"[0, 21, 39]",0,187,1
m,"[43, 47, 41]",1,94,1
f,"[10, 41, 28]",1,84,1
f,"[35, 39, 2]",3,97,0
m,"[44, 38, 0]",1,116,0
f,"[17, 28, 36]",3,107,0
f,"[46, 32, 29]",0,283,1
f,"[34, 46, 18]",3,28,0
f,"[31, 46, 44]",1,280,1
m,"[35, 28, 22]",1,78,1
f,"[12, 33, 45]",1,129,1
f,"[28, 5, 38]",1,180,0
m,"[1, 16, 28]",2,243,0
f,"[17, 41, 0]",2,26,0
m,"[6, 45, 30]",2,123,0
m,"[23, 34, 38]",0,115,0
f,"[22, 2, 45]",1,11,1
f,"[45, 23, 12]",1,151,0
m,"[30, 28, 2]",1,41,1
m,"[29, 44, 8]",3,11,1
m,"[47, 23, 31]",2,249,0
m,"[9, 4, 24]",3,64,0
f,"[10, 17, 45]",2,203,0
m,"[21, 29, 39]",2,171,0
m,"[15, 47, 20]",3,8,0
m,"[16, 9, 43]",0,64,0
m,"[46, 39, 21]",2,37,1
f,"[24, 20, 13]",3,97,1
f,"[0, 36, 8]",0,165,0
m,"[23, 12, 45]",3,65,1
f,"[35, 4, 0]",1,163,0
f,"[29, 34, 27]",2,53,0
m,"[5, 21, 0]",0,197,0
m,"[7, 22, 40]",3,39,0
f,"[22, 27, 30]",1,1,0
m,"[31, 23, 24]",0,44,0
m,"[4, 25, 14]",2,108,0
f,"[2, 47, 4]",2,234,1
m,"[31, 41, 4]",3,19,0
f,"[17, 10, 1]",1,267,0
f,"[12, 10, 44]",2,278,0
f,"[29, 17, 9]",3,143,1
f,"[27, 42, 17]",2,234,0
f,"[29, 45, 19]",2,33,1
f,"[21, 46, 23]",2,272,0
m,"[7, 27, 40]",0,1,1
f,"[6, 14, 42]",0,36,0
m,"[14, 8, 22]",3,279,0
f,"[12, 2, 47]",1,98,0
m,"[10, 23, 28]",2,158,1
f,"[8, 45, 6]",3,80,0
m,"[25, 21, 12]",1,267,1
m,"[29, 22, 24]",2,123,0
f,"[13, 17, 2]",1,113,0
m,"[35, 40, 34]",2,260,0
f,"[4, 45, 20]",2,167,1
f,"[7, 44, 5]",3,155,0
m,"[30, 13, 45]",2,30,1
f,"[18, 36, 6]",0,105,1
f,"[19, 14, 9]",3,26,1
m,"[18, 28, 19]",0,14,0
m,"[16, 15, 33]",1,243,0
f,"[37, 10, 23]",2,280,1
f,"[32, 34, 27]",1,284,1
f,"[1, 46, 14]",2,36,1
m,"[46, 42, 20]",3,3,0
m,"[7, 24, 10]",3,149,1
m,"[34, 31, 9]",2,95,1
f,"[20, 24, 10]",3,227,1
f,"[6, 0, 19]",0,76,1
m,"[35, 41, 20]",2,122,0
m,"[8, 3, 7]",1,106,0
f,"[10, 38, 32]",3,62,0
f,"[7, 41, 45]",3,294,0
m,"[17, 33, 5]",0,185,1
f,"[27, 16, 11]",3,139,0
f,"[3, 5, 46]",3,187,0
m,"[13, 43, 16]",3,30,1
f,"[8, 24, 10]",1,213,1
m,"[4, 30, 7]",1,107,1
m,"[1, 40, 32]",1,244,0
m,"[39, 5, 43]",3,38,0
f,"[18, 12, 1]",0,20,1
f,"[7, 39, 28]",3,60,1
m,"[24, 32, 11]",3,120,0
f,"[35, 37, 28]",1,87,0
f,"[22, 35, 31]",0,198,0
m,"[16, 11, 8]",1,96,0
f,"[18, 47, 33]",3,138,1
f,"[7, 6, 21]",0,34,0
m,"[3, 41, 31]",3,262,0
m,"[15, 44, 6]",1,69,0
f,"[7, 44, 3]",2,228,0
f,"[12, 6, 47]",2,196,0
m,"[16, 25, 36]",2,226,1
f,"[23, 0, 4]",2,59,1
m,"[43, 10, 35]",2,185,1
m,"[10, 9, 44]",0,204,0
f,"[40, 35, 34]",3,53,1
f,"[42, 43, 20]",1,114,0
f,"[8, 25, 44]",3,153,0
f,"[17, 44, 37]",2,19,0
m,"[19, 44, 33]",1,239,0
f,"[34, 44, 20]",2,247,0
f,"[4, 22, 25]",2,90,1
m,"[10, 31, 33]",0,186,0
m,"[40, 25, 21]",1,217,0
m,"[26, 31, 46]",0,94,1
m,"[45, 39, 2]",0,120,0
m,"[9, 23, 18]",3,79,0
m,"[13, 34, 40]",1,63,1
m,"[38, 1, 12]",3,58,0
m,"[34, 21, 28]",3,24,1
f,"[47, 2, 5]",2,58,0
f,"[22, 2, 28]",2,223,0
m,"[31, 29, 46]",2,125,1
m,"[16, 31, 18]",0,143,0
f,"[16, 24, 40]",2,104,1
f,"[30, 38, 42]",3,137,1
f,"[17, 3, 13]",1,43,1
m,"[10, 23, 45]",1,199,1
m,"[44, 11, 2]",2,145,0
f,"[43, 8, 34]",3,282,1
f,"[30, 18, 44]",1,112,0
f,"[27, 37, 10]",3,273,1
m,"[37, 45, 7]",0,279,1
m,"[15, 11, 31]",1,120,1
f,"[1, 34, 36]",1,214,1
f,"[22, 26, 12]",1,270,0
m,"[6, 32, 33]",3,69,1
f,"[34, 21, 39]",3,180,0
f,"[2, 39, 0]",3,61,0
m,"[29, 41, 44]",2,172,0
m,"[33, 21, 2]",0,6,1
f,"[2, 13, 21]",3,287,0
f,"[28, 19, 39]",0,163,1
m,"[7, 35, 8]",0,170,1
f,"[44, 47, 8]",0,0,0
m,"[41, 38, 44]",0,152,1
m,"[9, 27, 12]",0,113,1
f,"[11, 26, 23]",0,32,0
f,"[16, 6, 24]",0,98,0
f,"[31, 2, 22]",0,12,0
m,"[32, 3, 5]",3,148,0
f,"[29, 6, 36]",3,255,1
f,"[0, 9, 8]",0,152,1
m,"[20, 18, 17]",1,178,1
f,"[17, 4, 35]",2,282,0
m,"[12, 30, 45]",3,208,1
m,"[10, 0, 28]",2,230,1
f,"[2, 0, 21]",0,113,1
m,"[47, 11, 46]",0,128,1
m,"[4, 23, 31]",1,253,1
m,"[1, 40, 32]",1,169,1
f,"[12, 26, 10]",0,125,1
f,"[25, 9, 35]",3,193,1
f,"[3, 12, 5]",1,213,0
f,"[19, 23, 4]",2,292,1
m,"[28, 20, 32]",1,20,0
m,"[29, 1, 2]",1,117,1
m,"[31, 17, 40]",0,73,0
f,"[45, 17, 42]",1,85,1
m,"[8, 2, 38]",2,113,0
m,"[35, 39, 10]",0,34,0
f,"[9, 12, 25]",3,113,1
m,"[40, 15, 10]",0,189,0
f,"[17, 34, 13]",1,250,0
f,"[13, 20, 30]",3,70,0
m,"[21, 10, 31]",2,28,1
f,"[21, 18, 20]",3,202,1
f,"[40, 23, 35]",1,13,1
f,"[14, 8, 17]",3,218,1
f,"[38, 40, 45]",0,143,1
f,"[18, 32, 42]",2,188,1
f,"[33, 1, 11]",0,173,0
f,"[6, 12, 31]",2,39,1
f,"[41, 36, 0]",2,200,0
f,"[28, 8, 24]",2,179,1
f,"[28, 19, 6]",2,240,0
f,"[42, 38, 29]",1,119,1
f,"[34, 27, 2]",1,231,0
f,"[8, 18, 15]",2,279,1
m,"[45, 31, 2]",0,276,1
f,"[46, 26, 27]",1,210,1
f,"[44, 19, 26]",1,234,1
f,"[41, 4, 42]",2,3,0
f,"[45, 17, 41]",0,41,1
m,"[46, 32, 3]",0,271,1
m,"[32, 43, 5]",1,128,1
m,"[36, 4, 3]",0,38,0
m,"[45, 32, 1]",2,219,1
f,"[12, 43, 20]",1,24,0
m,"[16, 7, 33]",3,124,1
m,"[46, 23, 22]",0,110,0
f,"[16, 7, 45]",1,74,1
f,"[7, 33, 40]",3,35,1
m,"[9, 6, 1]",3,191,0
m,"[10, 1, 45]",3,286,1
f,"[24, 29, 45]",0,212,1
f,"[18, 16, 34]",1,65,0
m,"[6, 38, 36]",1,233,1
m,"[45, 28, 14]",3,203,0
f,"[29, 5, 20]",1,208,0
m,"[1, 45, 44]",2,2,0
m,"[4, 47, 41]",1,212,1
m,"[45, 30, 43]",1,268,1
f,"[34, 31, 39]",0,43,1
f,"[11, 13, 30]",2,132,0
m,"[25, 47, 40]",3,89,1
m,"[43, 5, 39]",0,18,0
m,"[23, 42, 39]",3,247,1
m,"[30, 12, 14]",3,141,0
f,"[20, 4, 16]",2,286,1
m,"[9, 10, 3]",2,298,0
f,"[15, 45, 8]",3,126,0
m,"[8, 15, 20]",1,299,1
f,"[26, 18, 35]",2,98,1
f,"[2, 8, 26]",0,243,0
f,"[7, 27, 8]",3,253,0
m,"[29, 44, 11]",3,103,1
f,"[29, 38, 12]",0,64,0
m,"[21, 23, 29]",0,235,0
m,"[39, 14, 33]",3,299,0
m,"[6, 16, 7]",0,217,0
m,"[39, 15, 6]",1,288,1
f,"[7, 46, 26]",3,225,0
f,"[0, 24, 41]",2,222,1
f,"[1, 45, 30]",2,59,0
f,"[22, 34, 40]",2,109,0
m,"[10, 4, 35]",3,168,0
m,"[38, 0, 11]",0,173,0
f,"[4, 9, 16]",0,10,0
m,"[24, 38, 44]",3,129,1
f,"[3, 1, 4]",2,146,1
f,"[5, 9, 30]",3,149,0
m,"[20, 1, 6]",2,125,1
m,"[27, 2, 8]",1,130,1
m,"[1, 0, 2]",3,288,1
m,"[2, 24, 1]",3,221,0
m,"[14, 5, 12]",1,147,1
f,"[38, 14, 43]",3,261,1
f,"[8, 12, 4]",0,222,0
m,"[14, 4, 7]",3,162,1
m,"[2, 28, 35]",0,125,1
f,"[12, 4, 44]",0,5,1
f,"[25, 1, 23]",1,159,0
f,"[16, 4, 42]",3,251,0
m,"[46, 33, 17]",1,83,1
f,"[27, 7, 34]",1,208,1
f,"[28, 15, 6]",3,209,1
m,"[29, 30, 7]",2,295,1
f,"[16, 21, 29]",3,276,1
m,"[19, 34, 13]",2,191,0
f,"[31, 15, 26]",0,271,0
f,"[4, 38, 23]",1,184,1
m,"[17, 32, 33]",3,219,1
f,"[31, 14, 4]",2,121,0
f,"[43, 16, 3]",3,80,0
f,"[44, 16, 38]",3,150,0
m,"[34, 9, 10]",2,157,0
m,"[14, 3, 17]",2,30,0
f,"[11, 0, 28]",3,236,0
m,"[34, 21, 33]",0,217,1
m,"[44, 15, 14]",0,73,0
m,"[32, 33, 2]",0,140,0
f,"[2, 21, 34]",3,264,1
f,"[26, 0, 13]",3,82,0
m,"[5, 46, 11]",1,292,0
